{
  "project_info": {
    "project_number": "164682667721",
    "firebase_url": "https://andrepddu.firebaseio.com",
    "project_id": "andrepddu",
    "storage_bucket": "andrepddu.appspot.com"
  },
  "client": [
    {
      "client_info": {
        "mobilesdk_app_id": "1:164682667721:android:44396ec395d2cdad",
        "android_client_info": {
          "package_name": "com.andrebondar.andrepdd"
        }
      },
      "oauth_client": [
        {
          "client_id": "164682667721-qmej9o0p2rndqj3gn522qnfmlkr0su6k.apps.googleusercontent.com",
          "client_type": 1,
          "android_info": {
            "package_name": "com.andrebondar.andrepdd",
            "certificate_hash": "aaa56bf1550f1bb930f44a8908ed9447777b71a8"
          }
        },
        {
          "client_id": "164682667721-9h1qf2j6h203if88fkec3m8n9p7qdvnc.apps.googleusercontent.com",
          "client_type": 3
        }
      ],
      "api_key": [
        {
          "current_key": "AIzaSyDT_uWFZMHASMpi5FIuC0c45So72zMwtLc"
        }
      ],
      "services": {
        "analytics_service": {
          "status": 1
        },
        "appinvite_service": {
          "status": 2,
          "other_platform_oauth_client": [
            {
              "client_id": "164682667721-9h1qf2j6h203if88fkec3m8n9p7qdvnc.apps.googleusercontent.com",
              "client_type": 3
            }
          ]
        },
        "ads_service": {
          "status": 2
        }
      }
    }
  ],
  "configuration_version": "1"
}